code,name,inAmericaStates,inCanadaProvinces,type,links
AL,Alabama,true,false,state,[{"name": "Cold Planing", "url": "https://www.dot.state.al.us/publications/construction/pdf/Specifications/2022/SpecBookComplete.pdf", "class": "pdf"}, {"name": "FDR : Spec 302", "url": "https://www.dot.state.al.us/publications/Construction/Specifications.html", "class": "web"}, {"name": "Cement Treated Base : Spec 29-3", "url": "https://www.dot.state.al.us/publications/Construction/Specifications.html", "class": "web"}]
AK,Alaska,true,false,state,[{"name": "Cold Planing", "url": "https://dot.alaska.gov/stwddes/dcsspecs/airportspecifications.shtml", "class": "web"}, {"name": "Mill", "url": "https://dot.alaska.gov/stwddes/dcsspecs/assets/pdf/hwyspecs/sshc2020.pdf", "class": "pdf"}, {"name": "FDR : Spec 306, 307", "url": "https://dot.alaska.gov/stwddes/dcsspecs/", "class": "web"}, {"name": "CIR : Spec 308", "url": "https://dot.alaska.gov/stwddes/dcsspecs/", "class": "web"}]
AZ,Arizona,true,false,state,[{"name": "Cold Planing", "url": "https://azdot.gov/sites/default/files/media/2021/04/2021_Standard_Specifications_for_Road_and_Bridge_Construction_PC.pdf", "class": "pdf"}, {"name": "CIR : Spec 408", "url": "https://azdot.gov/business/contracts-and-specifications/specifications-pay-items-list", "class": "web"}, {"name": "Soil Cement : Spec 302", "url": "https://azdot.gov/business/contracts-and-specifications/specifications-pay-items-list", "class": "web"}, {"name": "Cement Treated Base : Spec 304", "url": "https://azdot.gov/business/contracts-and-specifications/specifications-pay-items-list", "class": "web"}, {"name": "Lime : Spec 301", "url": "https://azdot.gov/business/contracts-and-specifications/specifications-pay-items-list", "class": "web"}]
AR,Arkansas,true,false,state,[{"name": "FDR : SP A00085", "url": "https://ardot.gov/divisions/construction/standard-specifications/", "class": "web"}, {"name": "Cement Treated Base : Spec 307,308", "url": "https://ardot.gov/divisions/construction/standard-specifications/", "class": "web"}, {"name": "Lime : Spec 301", "url": "https://ardot.gov/divisions/construction/standard-specifications/", "class": "web"}]
CA,California,true,false,state,[{"name": "Cold Planing", "url": "https://dot.ca.gov/-/media/dot-media/programs/design/documents/2023_stdspecs-a11y.pdf", "class": "pdf"}, {"name": "FDR", "url": "https://dot.ca.gov/programs/design/ccs-standard-plans-and-standard-specifications", "class": "web"}, {"name": "CIR", "url": "https://dot.ca.gov/programs/design/ccs-standard-plans-and-standard-specifications", "class": "web"}, {"name": "Soil Cement : SP 24", "url": "https://dot.ca.gov/programs/design/ccs-standard-plans-and-standard-specifications", "class": "web"}, {"name": "Cement Treated Base : SP 27", "url": "https://dot.ca.gov/programs/design/ccs-standard-plans-and-standard-specifications", "class": "web"}]
CO,Colorado,true,false,state,[{"name": "Cold Planing", "url": "https://www.codot.gov/business/designsupport/cdot-construction-specifications/2023-construction-specifications/2023-specs-book/2023-division-200.pdf", "class": "pdf"}, {"name": "FDR : SP 310", "url": "https://www.codot.gov/business/designsupport/cdot-construction-specifications", "class": "web"}, {"name": "CIR : Spec 406", "url": "https://www.codot.gov/business/designsupport/cdot-construction-specifications", "class": "web"}, {"name": "Soil Cement : SP 308", "url": "https://www.codot.gov/business/designsupport/cdot-construction-specifications", "class": "web"}, {"name": "Lime : Spec 307", "url": "https://www.codot.gov/business/designsupport/cdot-construction-specifications", "class": "web"}]
CT,Connecticut,true,false,state,[{"name": "Cold Planing", "url": "https://portal.ct.gov/dot/business/manuals?language=en_US", "class": "web"}, {"name": "CIR : SP 4.03", "url": "https://portal.ct.gov/dot/business/manuals?language=en_US", "class": "web"}]
DE,Delaware,true,false,state,[{"name": "Cold Planing", "url": "https://deldot.gov/Publications/manuals/standard_specifications/pdfs/2022/Standard_Specification_Revision2_JUNE2022.pdf", "class": "pdf"}]
FL,Florida,true,false,state,[{"name": "Cold Planing", "url": "https://fdotwww.blob.core.windows.net/sitefinity/docs/default-source/specifications/by-year/fy-2025-26/ebook/2025-26-ebook-compressed.pdf?sfvrsn=a07d3f95_2", "class": "pdf"}, {"name": "FDR : SP 332", "url": "https://www.fdot.gov/programmanagement/implemented/specbooks", "class": "web"}, {"name": "Cement Treated Base : Spec 230, 288", "url": "https://www.fdot.gov/programmanagement/implemented/specbooks", "class": "web"}]
GA,Georgia,true,false,state,[{"name": "Cold Planing", "url": "https://www.dot.ga.gov/PartnerSmart/Business/Source/specs/2021StandardSpecifications.pdf", "class": "pdf"}, {"name": "FDR : Spec 315", "url": "https://www.dot.ga.gov/GDOT/Pages/TheSource.aspx", "class": "web"}, {"name": "Soil Cement : Spec 301", "url": "https://www.dot.ga.gov/GDOT/Pages/TheSource.aspx", "class": "web"}, {"name": "Cement Treated Base : Spec 302", "url": "https://www.dot.ga.gov/GDOT/Pages/TheSource.aspx", "class": "web"}, {"name": "Lime : Spec 225", "url": "https://www.dot.ga.gov/GDOT/Pages/TheSource.aspx", "class": "web"}]
HI,Hawaii,true,false,state,[{"name": "Cold Planing", "url": "https://hidot.hawaii.gov/highways/files/2013/01/415_Print.pdf", "class": "pdf"}]
ID,Idaho,true,false,state,[{"name": "Cold Planing", "url": "https://apps.itd.idaho.gov/Apps/manuals/SpecBook/SpecBook23.pdf", "class": "pdf"}, {"name": "FDR : Spec 302, 308", "url": "https://itd.idaho.gov/guide/construction-manuals/", "class": "web"}, {"name": "CIR : Spec 430", "url": "https://itd.idaho.gov/guide/construction-manuals/", "class": "web"}]
IL,Illinois,true,false,state,[{"name": "FDR : Spec 400-9", "url": "https://idot.illinois.gov/doing-business/industry-marketplace/construction-services/standard-specifications.html", "class": "web"}, {"name": "CIR : Spec 400-5", "url": "https://idot.illinois.gov/doing-business/industry-marketplace/construction-services/standard-specifications.html", "class": "web"}, {"name": "Soil Cement : Spec 302, 352", "url": "https://idot.illinois.gov/doing-business/industry-marketplace/construction-services/standard-specifications.html", "class": "web"}, {"name": "Cement Treated Base : Spec 312, 353", "url": "https://idot.illinois.gov/doing-business/industry-marketplace/construction-services/standard-specifications.html", "class": "web"}, {"name": "Lime : Spec 310, 350", "url": "https://idot.illinois.gov/doing-business/industry-marketplace/construction-services/standard-specifications.html", "class": "web"}]
IN,Indiana,true,false,state,[{"name": "Cold Planing", "url": "https://www.in.gov/dot/div/contracts/standards/book/sep23/sep.htm", "class": "web"}, {"name": "FDR : Spec 307, 308", "url": "https://www.in.gov/dot/div/contracts/standards/book/", "class": "web"}, {"name": "CIR : Spec 416", "url": "https://www.in.gov/dot/div/contracts/standards/book/", "class": "web"}, {"name": "Soil Cement : Spec 215, 219", "url": "https://www.in.gov/dot/div/contracts/standards/book/", "class": "web"}, {"name": "CCPR : Spec 417", "url": "https://www.in.gov/dot/div/contracts/standards/book/", "class": "web"}]
IA,Iowa,true,false,state,[{"name": "Cold Planing", "url": "https://iowadot.gov/consultants-contractors/specifications", "class": "web"}, {"name": "FDR : Spec 2116", "url": "https://iowadot.gov/consultants-contractors/specifications", "class": "web"}, {"name": "CIR : Spec 2318", "url": "https://iowadot.gov/consultants-contractors/specifications", "class": "web"}, {"name": "Soil Cement : Spec 2113", "url": "https://iowadot.gov/consultants-contractors/specifications", "class": "web"}, {"name": "Lime : Spec 307", "url": "https://iowadot.gov/consultants-contractors/specifications", "class": "web"}]
KS,Kansas,true,false,state,[{"name": "Cold Planing", "url": "https://www.ksdot.gov/doing-business/highway-contractors/contractor-resources/specifications-for-state-road-and-bridge-construction", "class": "web"}, {"name": "CIR : Spec 604", "url": "https://www.ksdot.gov/doing-business/highway-contractors/contractor-resources/specifications-for-state-road-and-bridge-construction", "class": "web"}, {"name": "Soil Cement : Spec 303, 301", "url": "https://www.ksdot.gov/doing-business/highway-contractors/contractor-resources/specifications-for-state-road-and-bridge-construction", "class": "web"}, {"name": "Cement Treated Base : Spec 306", "url": "https://www.ksdot.gov/doing-business/highway-contractors/contractor-resources/specifications-for-state-road-and-bridge-construction", "class": "web"}, {"name": "Lime : Spec 302", "url": "https://www.ksdot.gov/doing-business/highway-contractors/contractor-resources/specifications-for-state-road-and-bridge-construction", "class": "web"}]
KY,Kentucky,true,false,state,[{"name": "Cold Planing", "url": "https://transportation.ky.gov/Construction/Pages/Kentucky-Standard-Specifications.aspx", "class": "web"}, {"name": "Soil Cement : Spec 208", "url": "https://transportation.ky.gov/Construction/StdSpecsWSupplSpecs/Forms/AllItems.aspx", "class": "web"}]
LA,Louisiana,true,false,state,[{"name": "Soil Cement : Spec 302", "url": "https://dotd.la.gov/about/office-of-project-delivery/engineering/publications-and-downloads/specifications-and-standards/specifications/", "class": "web"}, {"name": "Cement Treated Base : Spec 309", "url": "https://dotd.la.gov/about/office-of-project-delivery/engineering/publications-and-downloads/specifications-and-standards/specifications/", "class": "web"}]
ME,Maine,true,false,state,[{"name": "FDR : Spec 307, 308, 309", "url": "https://www.maine.gov/dot/doing-business/bid-opportunities/standards", "class": "web"}, {"name": "CIR : Spec 311", "url": "https://www.maine.gov/dot/doing-business/bid-opportunities/standards", "class": "web"}, {"name": "CCPR : Spec 310", "url": "https://www.maine.gov/dot/doing-business/bid-opportunities/standards", "class": "web"}]
MD,Maryland,true,false,state,[{"name": "FDR : Spec 513", "url": "https://www.roads.maryland.gov/mdotsha/pages/sscm.aspx?PageId=853", "class": "web"}, {"name": "CIR : Special Provision", "url": "https://www.roads.maryland.gov/mdotsha/pages/sscm.aspx?PageId=853", "class": "web"}, {"name": "Cement Treated Base : Spec 502", "url": "https://www.roads.maryland.gov/mdotsha/pages/sscm.aspx?PageId=853", "class": "web"}]
MA,Massachusetts,true,false,state,[{"name": "Cold Planing", "url": "https://www.mass.gov/doc/2026-standard-specifications-for-highways-and-bridges-division-ii-construction-details/download", "class": "web"}, {"name": "FDR : Spec 403", "url": "https://www.mass.gov/lists/construction-specifications", "class": "web"}]
MI,Michigan,true,false,state,[{"name": "Cold Planing", "url": "https://www.michigan.gov/mdot/-/media/Project/Websites/MDOT/Business/Construction/Standard-Specifications-Construction/2020-Standard-Specifications-Construction.pdf?rev=b944f71da7fb4f9c879f74659f64795b&hash=175301DF2A3988964AE31F023362A5B3", "class": "pdf"}]
MN,Minnesota,true,false,state,[{"name": "Cold Planing", "url": "https://www.dot.state.mn.us/pre-letting/spec/", "class": "web"}, {"name": "FDR : Spec 2215", "url": "https://www.dot.state.mn.us/pre-letting/spec/", "class": "web"}, {"name": "CIR : Spec 2390", "url": "https://www.dot.state.mn.us/pre-letting/spec/", "class": "web"}, {"name": "CCPR : Spec 2390", "url": "https://www.dot.state.mn.us/pre-letting/spec/", "class": "web"}]
MS,Mississippi,true,false,state,[{"name": "Cold Planing", "url": "https://mdot.ms.gov/documents/Construction/Specifications/2017%20Standard%20Specifications.pdf", "class": "pdf"}, {"name": "FDR : SP 907.424.2", "url": "https://mdot.ms.gov/portal/engineering_standards_guides_manuals", "class": "web"}, {"name": "Soil Cement : Spec 310", "url": "https://mdot.ms.gov/portal/engineering_standards_guides_manuals", "class": "web"}, {"name": "Cement Treated Base : Spec 308", "url": "https://mdot.ms.gov/portal/engineering_standards_guides_manuals", "class": "web"}, {"name": "Lime : Spec 307, 311", "url": "https://mdot.ms.gov/portal/engineering_standards_guides_manuals", "class": "web"}]
MO,Missouri,true,false,state,[{"name":"Cold Planing","url":"https://www.modot.org/sites/default/files/documents/2024%20Missouri%20Standard%20Specific%20-%20MHTC%20%28July%202024%29_sign.pdf","class":"pdf"}]
MT,Montana,true,false,state,[{"name": "Cold Planing", "url": "https://www.mdt.mt.gov/other/webdata/external/const/specifications/2025/2025-SPEC-BOOK-JAN.pdf", "class": "pdf"}, {"name": "FDR : Spec 302", "url": "https://www.mdt.mt.gov/business/contracting/standard-specs.aspx", "class": "web"}, {"name": "CIR : Spec 405-1", "url": "https://www.mdt.mt.gov/business/contracting/standard-specs.aspx", "class": "web"}, {"name": "Cement Treated Base : Spec 304", "url": "https://www.mdt.mt.gov/business/contracting/standard-specs.aspx", "class": "web"}, {"name": "CCPR : Spec 405-4", "url": "https://www.mdt.mt.gov/business/contracting/standard-specs.aspx", "class": "web"}]
NE,Nebraska,true,false,state,[{"name": "Cold Planing", "url": "https://dot.nebraska.gov/media/g4qp4y0d/2017-specbook.pdf", "class": "pdf"}, {"name": "Soil Cement : Spec 303", "url": "https://dot.nebraska.gov/business-center/contractor/", "class": "web"}]
NV,Nevada,true,false,state,[{"name": "Cold Planing", "url": "https://www.dot.nv.gov/home/showpublisheddocument/6916/636257041112930000", "class": "web"}, {"name": "FDR : Spec 305", "url": "https://www.dot.nv.gov/doing-business/about-ndot/ndot-divisions/engineering/design/standard-specifications-and-plans", "class": "web"}, {"name": "CIR : Spec 404", "url": "https://www.dot.nv.gov/doing-business/about-ndot/ndot-divisions/engineering/design/standard-specifications-and-plans", "class": "web"}, {"name": "Cement Treated Base : Spec 304", "url": "https://www.dot.nv.gov/doing-business/about-ndot/ndot-divisions/engineering/design/standard-specifications-and-plans", "class": "web"}]
NH,New Hampshire,true,false,state,[{"name": "Cold Planing", "url": "https://www.dot.nh.gov/about-nh-dot/divisions-bureaus-districts/highway-design/2016-standard-specifications", "class": "web"}, {"name": "FDR : Spec 306", "url": "https://www.dot.nh.gov/about-nh-dot/divisions-bureaus-districts/highway-design/contracts-and-specifications", "class": "web"}]
NJ,New Jersey,true,false,state,[{"name": "Cold Planing", "url": "https://www.nj.gov/transportation/eng/specs/2019/pdf/StandSpecRoadBridge%202019%2020240710.pdf", "class": "pdf"}, {"name": "FDR : Spec 306", "url": "https://dot.nj.gov/transportation/eng/specs/2019/Division.shtml", "class": "web"}, {"name": "CIR : Spec 432", "url": "https://dot.nj.gov/transportation/eng/specs/2019/Division.shtml", "class": "web"}]
NM,New Mexico,true,false,state,[{"name": "FDR : Spec 301", "url": "https://www.dot.nm.gov/infrastructure/plans-specifications-estimates-pse-bureau/standards/", "class": "web"}, {"name": "CIR : Spec 415", "url": "https://www.dot.nm.gov/infrastructure/plans-specifications-estimates-pse-bureau/standards/", "class": "web"}, {"name": "Soil Cement : Spec 306", "url": "https://www.dot.nm.gov/infrastructure/plans-specifications-estimates-pse-bureau/standards/", "class": "web"}, {"name": "CCPR : SP 301-B", "url": "https://www.dot.nm.gov/infrastructure/plans-specifications-estimates-pse-bureau/standards/", "class": "web"}, {"name": "Lime : Spec 306", "url": "https://www.dot.nm.gov/infrastructure/plans-specifications-estimates-pse-bureau/standards/", "class": "web"}]
NY,New York,true,false,state,[{"name": "Cold Planing", "url": "https://www.dot.ny.gov/main/business-center/engineering/specifications/english-spec-repository/2025_5_specs_usc_tc_vol2.pdf", "class": "pdf"}, {"name": "FDR : Spec 304", "url": "https://www.dot.ny.gov/main/business-center/engineering/specifications/busi-e-standards-usc", "class": "web"}, {"name": "CIR : Spec 405", "url": "https://www.dot.ny.gov/main/business-center/engineering/specifications/busi-e-standards-usc", "class": "web"}, {"name": "Soil Cement : Spec 308", "url": "https://www.dot.ny.gov/main/business-center/engineering/specifications/busi-e-standards-usc", "class": "web"}, {"name": "Cement Treated Base : Spec 300", "url": "https://www.dot.ny.gov/main/business-center/engineering/specifications/busi-e-standards-usc", "class": "web"}]
NC,North Carolina,true,false,state,[{"name": "Cold Planing", "url": "https://connect.ncdot.gov/resources/Specifications/2024StandardSpecifications/2024%20Standard%20Specifications%20for%20Roads%20and%20Structures.pdf", "class": "pdf"}, {"name": "FDR : Sp4 R20", "url": "https://connect.ncdot.gov/resources/Specifications/Pages/default.aspx", "class": "web"}, {"name": "Soil Cement : Spec 542", "url": "https://connect.ncdot.gov/resources/Specifications/Pages/default.aspx", "class": "web"}, {"name": "Cement Treated Base : Spec 540", "url": "https://connect.ncdot.gov/resources/Specifications/Pages/default.aspx", "class": "web"}]
ND,North Dakota,true,false,state,[{"name": "Cold Planing", "url": "https://www.dot.nd.gov/sites/www/files/documents/Standard%20Specifications/%602024%20NDDOT%20Standard%20Specifications%20for%20Road%20and%20Bridge%20Construction.pdf", "class": "pdf"}, {"name": "FDR : Spec 306", "url": "https://www.dot.nd.gov/construction-and-planning/construction-and-contractor-resources/road-and-bridge-construction", "class": "web"}, {"name": "CIR : SP 166", "url": "https://www.dot.nd.gov/construction-and-planning/construction-and-contractor-resources/road-and-bridge-construction", "class": "web"}]
OH,Ohio,true,false,state,[{"name": "Cold Planing", "url": "https://www.dot.state.oh.us/Divisions/ConstructionMgt/OnlineDocs/Pages/2023-Online-Spec-Book.aspx", "class": "web"}, {"name": "FDR", "url": "https://www.transportation.ohio.gov/working/publications/spec-book", "class": "web"}, {"name": "CIR", "url": "https://www.transportation.ohio.gov/working/publications/spec-book", "class": "web"}, {"name": "Soil Cement : Spec 206", "url": "https://www.transportation.ohio.gov/working/publications/spec-book", "class": "web"}]
OK,Oklahoma,true,false,state,[{"name": "FDR : Spec 311", "url": "https://oklahoma.gov/odot/business-center/construction/construction-engineering.html", "class": "web"}, {"name": "CIR : Spec 303", "url": "https://oklahoma.gov/odot/business-center/construction/construction-engineering.html", "class": "web"}, {"name": "Soil Cement : Spec 307", "url": "https://oklahoma.gov/odot/business-center/construction/construction-engineering.html", "class": "web"}, {"name": "Cement Treated Base : Spec 317", "url": "https://oklahoma.gov/odot/business-center/construction/construction-engineering.html", "class": "web"}]
OR,Oregon,true,false,state,[{"name": "Cold Planing", "url": "https://www.oregon.gov/odot/Business/Specs/2024_STANDARD_SPECIFICATIONS.pdf", "class": "pdf"}]
PA,Pennsylvania,true,false,state,[{"name": "FDR : Spec 344", "url": "https://www.pa.gov/agencies/penndot/programs-and-doing-business/construction/construction-specifications", "class": "web"}, {"name": "CIR : Spec 341", "url": "https://www.pa.gov/agencies/penndot/programs-and-doing-business/construction/construction-specifications", "class": "web"}, {"name": "Cement Treated Base : Spec 450", "url": "https://www.pa.gov/agencies/penndot/programs-and-doing-business/construction/construction-specifications", "class": "web"}, {"name": "CCPR : Spec 342", "url": "https://www.pa.gov/agencies/penndot/programs-and-doing-business/construction/construction-specifications", "class": "web"}]
RI,Rhode Island,true,false,state,[{"name": "Cold Planing", "url": "https://www.dot.ri.gov/business/contractorsandconsultants.php", "class": "web"}, {"name": "FDR : Spec 406", "url": "https://www.dot.ri.gov/business/bluebook/index.php", "class": "web"}]
SC,South Carolina,true,false,state,[{"name": "Cold Planing", "url": "https://www.scdot.org/content/dam/scdot-legacy/business/pdf/2007_full_specbook.pdf", "class": "pdf"}, {"name": "FDR : Spec 306", "url": "https://www.scdot.org/business/standard-specifications.html", "class": "web"}, {"name": "CIR", "url": "https://www.scdot.org/business/standard-specifications.html", "class": "web"}, {"name": "Soil Cement : Spec 301, 307", "url": "https://www.scdot.org/business/standard-specifications.html", "class": "web"}, {"name": "Cement Treated Base : Spec 308", "url": "https://www.scdot.org/business/standard-specifications.html", "class": "web"}]
SD,South Dakota,true,false,state,[{"name": "Cold Planing", "url": "https://dot.sd.gov/doing-business/contractors/standard-specifications/2015-standard-specifications#listItemLink_1292", "class": "web"}, {"name": "FDR : Spec 280", "url": "https://dot.sd.gov/doing-business/contractors/standard-specifications", "class": "web"}, {"name": "CIR : Spec 370", "url": "https://dot.sd.gov/doing-business/contractors/standard-specifications", "class": "web"}]
TN,Tennessee,true,false,state,[{"name": "FDR : Sp304", "url": "https://www.tn.gov/tdot/tdot-construction-division/transportation-construction-division-resources/2021-standard-specifications.html", "class": "web"}, {"name": "CIR : Sp308", "url": "https://www.tn.gov/tdot/tdot-construction-division/transportation-construction-division-resources/2021-standard-specifications.html", "class": "web"}, {"name": "Soil Cement : Spec 304", "url": "https://www.tn.gov/tdot/tdot-construction-division/transportation-construction-division-resources/2021-standard-specifications.html", "class": "web"}, {"name": "CCPR : SP 308", "url": "https://www.tn.gov/tdot/tdot-construction-division/transportation-construction-division-resources/2021-standard-specifications.html", "class": "web"}, {"name": "Lime : Spec 302", "url": "https://www.tn.gov/tdot/tdot-construction-division/transportation-construction-division-resources/2021-standard-specifications.html", "class": "web"}]
TX,Texas,true,false,state,[{"name": "Cold Planing", "url": "https://ftp.txdot.gov/pub/txdot-info/des/spec-book-1114.pdf", "class": "pdf"}, {"name": "FDR : Spec 3089, 290, 291", "url": "https://www.txdot.gov/business/resources/txdot-specifications.html", "class": "web"}, {"name": "CIR : Spec 3100", "url": "https://www.txdot.gov/business/resources/txdot-specifications.html", "class": "web"}, {"name": "Cement Treated Base : Spec 275", "url": "https://www.txdot.gov/business/resources/txdot-specifications.html", "class": "web"}, {"name": "CCPR : Spec 276", "url": "https://www.txdot.gov/business/resources/txdot-specifications.html", "class": "web"}, {"name": "Lime : Spec 206", "url": "https://www.txdot.gov/business/resources/txdot-specifications.html", "class": "web"}]
UT,Utah,true,false,state,[{"name": "FDR : Spec 02723S", "url": "https://connect.udot.utah.gov/business/standards/", "class": "web"}, {"name": "CIR : Spec 02968S", "url": "https://connect.udot.utah.gov/business/standards/", "class": "web"}]
VT,Vermont,true,false,state,[{"name": "Cold Planing", "url": "https://vtrans.vermont.gov/highway/construct-material/construct-services/pre-contractspecifications/vermont/2024", "class": "web"}, {"name": "FDR : Spec 310,311,312", "url": "https://vtrans.vermont.gov/highway/construct-material/construct-services/pre-contractspecifications/vermont", "class": "web"}, {"name": "CIR : Spec 414", "url": "https://vtrans.vermont.gov/highway/construct-material/construct-services/pre-contractspecifications/vermont", "class": "web"}, {"name": "CCPR : Spec 415", "url": "https://vtrans.vermont.gov/highway/construct-material/construct-services/pre-contractspecifications/vermont", "class": "web"}]
VA,Virginia,true,false,state,[{"name": "Cold Planing", "url": "https://www.vdot.virginia.gov/media/vdotvirginiagov/doing-business/technical-guidance-and-support/technical-guidance-documents/construction/VDOT_2020_RB_Specs_acc071522.pdf", "class": "pdf"}, {"name": "FDR : Spec 307", "url": "https://www.vdot.virginia.gov/doing-business/technical-guidance-and-support/technical-guidance-documents/road-and-bridge-specifications/", "class": "web"}, {"name": "CIR : SP 315", "url": "https://www.vdot.virginia.gov/doing-business/technical-guidance-and-support/technical-guidance-documents/road-and-bridge-specifications/", "class": "web"}, {"name": "CCPR : SP 315", "url": "https://www.vdot.virginia.gov/doing-business/technical-guidance-and-support/technical-guidance-documents/road-and-bridge-specifications/", "class": "web"}, {"name": "Lime : Spec 306", "url": "https://www.vdot.virginia.gov/doing-business/technical-guidance-and-support/technical-guidance-documents/road-and-bridge-specifications/", "class": "web"}]
WA,Washington,true,false,state,[{"name": "Cold Planing", "url": "https://www.wsdot.wa.gov/publications/manuals/fulltext/M41-10/SS.pdf", "class": "pdf"}]
WV,West Virginia,true,false,state,[{"name": "Cold Planing", "url": "https://transportation.wv.gov/highways/TechnicalSupport/specifications/Documents/2023_Standard_%2812-16-22%29.pdf", "class": "pdf"}, {"name": "FDR : Spec 321", "url": "https://transportation.wv.gov/highways/TechnicalSupport/specifications/Pages/default.aspx", "class": "web"}, {"name": "CIR : Spec 494", "url": "https://transportation.wv.gov/highways/TechnicalSupport/specifications/Pages/default.aspx", "class": "web"}]
WI,Wisconsin,true,false,state,[{"name": "Cold Planing", "url": "https://wisconsindot.gov/Pages/doing-bus/eng-consultants/cnslt-rsrces/rdwy/stndspec.aspx", "class": "web"}, {"name": "FDR : Spec 325, 330", "url": "https://wisconsindot.gov/Pages/doing-bus/eng-consultants/cnslt-rsrces/rdwy/default.aspx", "class": "web"}, {"name": "CIR : Spec 327", "url": "https://wisconsindot.gov/Pages/doing-bus/eng-consultants/cnslt-rsrces/rdwy/default.aspx", "class": "web"}]
WY,Wyoming,true,false,state,[{"name": "Cold Planing", "url": "https://www.dot.state.wy.us/files/live/sites/wydot/files/shared/Construction/2021%20Standard%20Specifications/Wyoming%202021%20Standard%20Specifications%20for%20Road%20and%20Bridge%20Construction.pdf", "class": "pdf"}, {"name": "FDR : Spec 300B", "url": "https://www.dot.state.wy.us/home/engineering_technical_programs/manuals_publications/Standard_Specifications.html", "class": "web"}, {"name": "Lime : Spec 214", "url": "https://www.dot.state.wy.us/home/engineering_technical_programs/manuals_publications/Standard_Specifications.html", "class": "web"}]
AB,Alberta,false,true,province,[{"name": "Cold Planing", "url": "https://open.alberta.ca/publications/standard-specifications-for-highway-construction-edition-16", "class": "web"}, {"name": "CIR : Spec 3.56", "url": "https://open.alberta.ca/publications/standard-specifications-for-highway-construction-edition-16", "class": "web"}, {"name": "Cement Treated Base : Spec 3.9", "url": "https://open.alberta.ca/publications/standard-specifications-for-highway-construction-edition-16", "class": "web"}, {"name": "CCPR : Spec 3.5", "url": "https://open.alberta.ca/publications/standard-specifications-for-highway-construction-edition-16", "class": "web"}]
BC,British Columbia,false,true,province,[{"name": "Cold Planing", "url": "https://www2.gov.bc.ca/gov/content/transportation/transportation-infrastructure/engineering-standards-guidelines/standard-specifications-for-highway-construction", "class": "web"}, {"name": "FDR : Spec 503", "url": "https://www2.gov.bc.ca/gov/content/transportation/transportation-infrastructure/engineering-standards-guidelines/standard-specifications-for-highway-construction", "class": "web"}, {"name": "CIR : Spec 521", "url": "https://www2.gov.bc.ca/gov/content/transportation/transportation-infrastructure/engineering-standards-guidelines/standard-specifications-for-highway-construction", "class": "web"}, {"name": "Cement Treated Base : Spec 586", "url": "https://www2.gov.bc.ca/gov/content/transportation/transportation-infrastructure/engineering-standards-guidelines/standard-specifications-for-highway-construction", "class": "web"}]
MB,Manitoba,false,true,province,[{"name": "Cold Planing", "url": "https://www.gov.mb.ca/mti/contracts/manual.html", "class": "web"}, {"name": "FDR : Spec 815", "url": "https://www2.gnb.ca/content/gnb/en/departments/dti/tenders_contracts/content/2023_standard_specifications.html", "class": "web"}, {"name": "CCPR : Spec 817", "url": "https://www2.gnb.ca/content/gnb/en/departments/dti/tenders_contracts/content/2023_standard_specifications.html", "class": "web"}]
NB,New Brunswick,false,true,province,[{"name": "Cold Planing", "url": "https://www2.gnb.ca/content/gnb/en/departments/dti/tenders_contracts/content/2023_standard_specifications.html", "class": "web"}, {"name": "FDR : Spec 263, 267", "url": "https://www2.gnb.ca/content/gnb/en/departments/dti/standards.html", "class": "web"}, {"name": "CIR : Spec 262", "url": "https://www2.gnb.ca/content/gnb/en/departments/dti/standards.html", "class": "web"}]
NL,Newfoundland and Labrador,false,true,province,[{"name":"Cold Planing","url":"https://www.gov.nl.ca/ti/hdc/highway-specification-book/division-3/","class":"web"}]
NS,Nova Scotia,false,true,province,[{"name": "Cold Planing", "url": "https://novascotia.ca/tran/highways/ssm/", "class": "web"}, {"name": "FDR : Spec 4-22, 4-23", "url": "https://novascotia.ca/tran/highways/ssm/", "class": "web"}, {"name": "CIR : Spec 4-20, 4-21", "url": "https://novascotia.ca/tran/highways/ssm/", "class": "web"}]
NT,Northwest Territories,false,true,province,[{"name":"Cold Planing","url":"https://www.inf.gov.nt.ca/sites/inf/files/resources/combined_standard_specification_for_highway_construction_20210331.pdf","class":"pdf"},{"name":"Cold Planing","url":"https://www.inf.gov.nt.ca/en/surface-design-and-construction-highways","class":"web"}]
NU,Nunavut,false,true,province,
ON,Ontario,false,true,province,[{"name": "Cold Planing", "url": "https://www.library.mto.gov.on.ca/SydneyPLUS/TechPubs/Portal/tp/opsViews.aspx?lang=en-US", "class": "web"}, {"name": "FDR : Spec 330,331", "url": "https://www.library.mto.gov.on.ca/SydneyPLUS/TechPubs/Portal/tp/TechnicalPublications.aspx", "class": "web"}, {"name": "CIR : Spec 333,335", "url": "https://www.library.mto.gov.on.ca/SydneyPLUS/TechPubs/Portal/tp/TechnicalPublications.aspx", "class": "web"}, {"name": "CCPR : Spec 334,NSP PVMT0008", "url": "https://www.library.mto.gov.on.ca/SydneyPLUS/TechPubs/Portal/tp/TechnicalPublications.aspx", "class": "web"}]
QC,Quebec,false,true,province,[]
SK,Saskatchewan,false,true,province,[{"name": "Cold Planing", "url": "https://publications.saskatchewan.ca/#/products/109108", "class": "web"}]
YT,Yukon,false,true,province,
PE,Prince Edward Island,false,true,province,[{"name":"Cold Planing","url":"https://www.princeedwardisland.ca/en/publication/general-provisions-and-contract-specifications-for-highway-construction","class":"web"}]
