Location,FDR,CIR,Soil Cement,Cement Treated Base,CCPR,Lime,URL
ALABAMA,302,,,29-3,,,https://www.dot.state.al.us/publications/Construction/Specifications.html
ALASKA,"306, 307",308,,,,,https://dot.alaska.gov/stwddes/dcsspecs/
ARIZONA,,408,302,304,,301,https://azdot.gov/business/contracts-and-specifications/specifications-pay-items-list
ARKANSAS,SP A00085,,,"307,308",,301,https://ardot.gov/divisions/construction/standard-specifications/
CALIFORNIA,YES,YES,SP 24,SP 27,,,https://dot.ca.gov/programs/design/ccs-standard-plans-and-standard-specifications
COLORADO,SP 310,406,SP 308,,,307,https://www.codot.gov/business/designsupport/cdot-construction-specifications
CONNECTICUT,,SP 4.03,,,,,https://portal.ct.gov/dot/business/manuals?language=en_US
DELAWARE,,,,,,,https://deldot.gov/Publications/manuals/standard_specifications/
FLORIDA,SP 332,,,"230, 288",,,https://www.fdot.gov/programmanagement/implemented/specbooks
GEORGIA,315,,301,302,,225,https://www.dot.ga.gov/GDOT/Pages/TheSource.aspx
HAWAII,,,,,,,https://hidot.hawaii.gov/highways/s2005-standard-specifications/
IDAHO,"302, 308",430,,,,,https://itd.idaho.gov/guide/construction-manuals/
ILLINOIS,400-9,400-5,"302, 352","312, 353",,"310, 350",https://idot.illinois.gov/doing-business/industry-marketplace/construction-services/standard-specifications.html
INDIANA,"307, 308",416,"215, 219",,417,,https://www.in.gov/dot/div/contracts/standards/book/
IOWA,2116,2318,2113,,,307,https://iowadot.gov/consultants-contractors/specifications
KANSAS,,604,"303, 301",306,,302,https://www.ksdot.gov/doing-business/highway-contractors/contractor-resources/specifications-for-state-road-and-bridge-construction
KENTUCKY,,,208,,,,https://transportation.ky.gov/Construction/StdSpecsWSupplSpecs/Forms/AllItems.aspx
LOUISIANA,,,302,309,,,https://dotd.la.gov/about/office-of-project-delivery/engineering/publications-and-downloads/specifications-and-standards/specifications/
MAINE,"307, 308, 309",311,,,310,,https://www.maine.gov/dot/doing-business/bid-opportunities/standards
MARYLAND,513,SPECIAL PROVISION,,502,,,https://www.roads.maryland.gov/mdotsha/pages/sscm.aspx?PageId=853
MASSACHUSETTS,403,,,,,,https://www.mass.gov/lists/construction-specifications
MICHIGAN,,,,,,,https://mdotjboss.state.mi.us/SpecProv/specBookHome.htm
MINNESOTA,2215,2390,,,2390,,https://www.dot.state.mn.us/pre-letting/spec/
MISSIOURI,,,,302,,,https://www.modot.org/missouri-standard-specifications-highway-construction
MISSISSIPPI,SP 907.424.2,,310,308,,"307, 311",https://mdot.ms.gov/portal/engineering_standards_guides_manuals
MONTANA,302,405-1,,304,405-4,,https://www.mdt.mt.gov/business/contracting/standard-specs.aspx
NEBRASKA,,,303,,,,https://dot.nebraska.gov/business-center/contractor/
NEVADA,305,404,,304,,,https://www.dot.nv.gov/doing-business/about-ndot/ndot-divisions/engineering/design/standard-specifications-and-plans
NEW HAMPSHIRE,306,,,,,,https://www.dot.nh.gov/about-nh-dot/divisions-bureaus-districts/highway-design/contracts-and-specifications
NEW JERSEY,306,432,,,,,https://dot.nj.gov/transportation/eng/specs/2019/Division.shtml
NEW MEXICO,301,415,306,,SP 301-B,306,https://www.dot.nm.gov/infrastructure/plans-specifications-estimates-pse-bureau/standards/
NEW YORK,304,405,308,300,,,https://www.dot.ny.gov/main/business-center/engineering/specifications/busi-e-standards-usc
NORTH CAROLINA,SP4 R20,,542,540,,,https://connect.ncdot.gov/resources/Specifications/Pages/default.aspx
NORTH DAKOTA,306,SP 166,,,,,https://www.dot.nd.gov/construction-and-planning/construction-and-contractor-resources/road-and-bridge-construction
OHIO,YES,YES,206,,,,https://www.transportation.ohio.gov/working/publications/spec-book
OREGON,,,,,,,https://www.oregon.gov/ODOT/Business/Pages/Standard_Specifications.aspx
OKLAHOMA,311,303,307,317,,,https://oklahoma.gov/odot/business-center/construction/construction-engineering.html
PENNSYLVANIA,344,341,,450,342,,https://www.pa.gov/agencies/penndot/programs-and-doing-business/construction/construction-specifications
RHODE ISLAND,406,,,,,,https://www.dot.ri.gov/business/bluebook/index.php
SOUTH CAROLINA,306,YES,"301, 307",308,,,https://www.scdot.org/business/standard-specifications.html
SOUTH DAKOTA,280,370,,,,,https://dot.sd.gov/doing-business/contractors/standard-specifications
TENNESSEE,SP304,SP308,304,,SP 308,302,https://www.tn.gov/tdot/tdot-construction-division/transportation-construction-division-resources/2021-standard-specifications.html
TEXAS,"3089, 290, 291",3100,,275,276,206,https://www.txdot.gov/business/resources/txdot-specifications.html
UTAH,02723S,02968S,,,,,https://connect.udot.utah.gov/business/standards/
VERMONT,"310,311,312",414,,,415,,https://vtrans.vermont.gov/highway/construct-material/construct-services/pre-contractspecifications/vermont
VIRGINIA,307,SP 315,,,SP 315,306,https://www.vdot.virginia.gov/doing-business/technical-guidance-and-support/technical-guidance-documents/road-and-bridge-specifications/
WASHINGTON,,,,,,,https://wsdot.wa.gov/engineering-standards/all-manuals-and-standards/manuals/standard-specifications-road-bridge-and-municipal-construction
WEST VIRGINIA,321,494,,,,,https://transportation.wv.gov/highways/TechnicalSupport/specifications/Pages/default.aspx
WISCONSIN,"325, 330",327,,,,,https://wisconsindot.gov/Pages/doing-bus/eng-consultants/cnslt-rsrces/rdwy/default.aspx
WYOMING,300B,,,,,214,https://www.dot.state.wy.us/home/engineering_technical_programs/manuals_publications/Standard_Specifications.html
ONTARIO,"330,331","333,335",,,"334,NSP PVMT0008",,https://www.library.mto.gov.on.ca/SydneyPLUS/TechPubs/Portal/tp/TechnicalPublications.aspx
NOVA SCOTIA,"4-22, 4-23","4-20, 4-21",,,,,https://novascotia.ca/tran/highways/ssm/
NEW BRUNSWICK,"263, 267",262,,,,,https://www2.gnb.ca/content/gnb/en/departments/dti/standards.html
QUEBEC,,,,,,,
MANITOBA,815,,,,817,,https://www2.gnb.ca/content/gnb/en/departments/dti/tenders_contracts/content/2023_standard_specifications.html
SASKATCHEWAN,,,,,,,
ALBERTA,,3.56,,3.9,3.5,,https://open.alberta.ca/publications/standard-specifications-for-highway-construction-edition-16
BRITISH COLUMBIA,503,521,,586,,,https://www2.gov.bc.ca/gov/content/transportation/transportation-infrastructure/engineering-standards-guidelines/standard-specifications-for-highway-construction